"Issue Type","Issue id","Epic Name","Epic Link","Summary","Description","Priority","Component/s","Labels","Story Points","Acceptance Criteria"
"Epic","1","Workflow Automation & Exceptions",,"EPIC: Workflow Automation & Exception Handling","Comprehensive enhancements to core attendance lifecycle including emergency amendment and standardized reason taxonomy.","High","Workflow","workflow,commercial-ready",13,"All workflow sub-tasks implemented with 100% test coverage"
"Epic","2","Teacher & Admin UI/UX Streamlining",,"EPIC: Teacher & Admin UI/UX Streamlining","UI/UX productivity upgrades including 1-click bulk roll-call, interactive confirmation modals, and Khmer/English localization.","High","UX-UI","ux-ui,frontend",8,"Seamless usability on desktop and mobile with KH/EN locale switching"
"Epic","3","Advanced Analytics & Multi-Format Reporting",,"EPIC: Advanced Analytics & Multi-Format Reporting","Multi-dimensional reporting across custom date ranges (weekly, monthly, semester), class/student filters, and Excel/PDF generation.","High","Reporting","reporting,analytics",8,"Instant report downloads in CSV, XLSX, and printable PDF"
"Epic","4","Performance, Redis Caching & Queue Architecture",,"EPIC: Performance, Redis Caching & Queue Architecture","Backend query optimization, N+1 elimination, composite database indexing, and asynchronous Redis queue worker for audit logging.","High","Backend-Performance","performance,redis,database",8,"Response times under 50ms for 500+ concurrent requests"
"Epic","5","Enterprise Security, RBAC & Multi-Tenant Governance",,"EPIC: Enterprise Security, RBAC & Multi-Tenant Governance","Hardening of authentication, two-factor authentication (2FA), password rotation, secure evidence file uploads, and session timeouts.","Medium","Security","security,rbac",5,"Meets enterprise data privacy and security audit standards"
"Epic","6","Omnichannel Parent Notifications & Mobile API",,"EPIC: Omnichannel Parent Notifications & Mobile API","Automated instant alerts via Telegram Bot / SMS when a student is absent or late, plus Laravel Sanctum REST API for mobile apps.","Medium","Notifications","notifications,api,mobile",13,"Real-time parent dispatch within 10 seconds of attendance submit"
"Story","7",,"Workflow Automation & Exceptions","Admin Attendance Session Reopen & Amendment Workflow","Enable school administrators to reopen or amend a submitted attendance session with mandatory audit reason logging when a teacher makes an erroneous mark.","High","Workflow","workflow,admin,audit",5,"GIVEN a submitted attendance session, WHEN an admin clicks 'Reopen Session' with a valid reason, THEN the session status reverts to 'open', teacher is notified, and an audit log is recorded."
"Story","8",,"Workflow Automation & Exceptions","Structured Absence Taxonomy with Detail Description Input","Implement categorized absence reason selection (Medical, Family Emergency, Official Representation, Bereavement, Unexcused) combined with a mandatory detail description text input.","High","Workflow","workflow,rules",3,"GIVEN an absence or permission form, WHEN user selects an absence category, THEN category is recorded along with free-text detailed explanation and optional evidence."
"Story","9",,"Teacher & Admin UI/UX Streamlining","Teacher 1-Click 'Mark All Present' & Quick Toggle Shortcuts","Add a top-level bulk action button in the teacher roll-call interface allowing 1-click marking of all unlocked students as 'Present', with keyboard shortcuts (P for Present, A for Absent).","Highest","UX-UI","teacher,productivity,ux",3,"GIVEN an open attendance session with 40 students, WHEN teacher clicks 'Mark All Present', THEN all unlocked radio buttons switch to 'Present' in 1 click without affecting locked permission rows."
"Story","10",,"Teacher & Admin UI/UX Streamlining","Interactive Confirmation Modal for Attendance Submission","Replace native browser confirm alerts with a dedicated interactive confirmation modal that requires explicit teacher verification before freezing marks.","High","UX-UI","ux-ui,modal",3,"GIVEN a teacher clicking 'Submit Attendance', WHEN the action triggers, THEN an interactive modal displays requiring explicit confirmation, with no auto-dismiss."
"Story","11",,"Teacher & Admin UI/UX Streamlining","Complete Khmer (KH) & English (EN) Localization Wiring","Wire the topbar language pill (KH | EN) to active session locale switching using Laravel translation files (lang/km.json and lang/en.json) across all views.","High","UX-UI","localization,i18n",5,"GIVEN any user clicking 'KH' or 'EN' on the topbar pill, WHEN switched, THEN the application updates the session locale and displays translated UI strings."
"Story","12",,"Teacher & Admin UI/UX Streamlining","Inner View Vector Iconography Standardization","Standardize all child views to pure Font Awesome 6 vector icons, removing all residual emojis from badges, table cells, and buttons.","Medium","UX-UI","icons,vector",2,"GIVEN any view in the system, WHEN inspected, THEN zero cartoon emojis are rendered, all icons use Font Awesome 6 classes."
"Story","13",,"Advanced Analytics & Multi-Format Reporting","Custom Date Range & Multi-Filter Report Generator","Upgrade the reports module to support filtering by date range (From Date - To Date, Weekly, Monthly, Semester), Class, and Status.","High","Reporting","reports,filters",5,"GIVEN the admin reports dashboard, WHEN filtering by Date Range (e.g. Month of October) and Class (10A), THEN the summary metrics and detailed table reflect the scoped data."
"Story","14",,"Advanced Analytics & Multi-Format Reporting","Multi-Format Export: Excel (XLSX) & Printable PDF","Provide export options for Excel (.xlsx) with styled headers and formula totals, as well as formal printable PDF reports suitable for ministry/board submissions.","Medium","Reporting","export,excel,pdf",3,"GIVEN any filtered report view, WHEN clicking 'Export Excel' or 'Export PDF', THEN a formatted document downloads with school branding and term headers."
"Story","15",,"Performance, Redis Caching & Queue Architecture","Eliminate Teacher Dashboard N+1 Query Inefficiency","Refactor DashboardController::index for teachers to eager load today's attendance sessions and student counts using withCount and single-query grouping.","High","Backend-Performance","performance,n1-query",2,"GIVEN a teacher with 10 classes, WHEN loading the dashboard, THEN database query count remains constant at <= 4 queries instead of 24 queries."
"Story","16",,"Performance, Redis Caching & Queue Architecture","Composite Database Indexing on Attendances Table","Add composite database indexes on attendances table for ['final_status', 'finalized_at'] and ['attendance_session_id', 'status'] to optimize large reporting queries.","High","Backend-Performance","database,indexes,sql",2,"GIVEN a database with 500,000 attendance records, WHEN querying weekly reports, THEN query execution completes in under 20ms using index scans."
"Story","17",,"Performance, Redis Caching & Queue Architecture","Asynchronous Background Queue for Audit Logging","Decouple AuditService::log from live database transaction commits by dispatching audit records to a Redis/database background queue.","Medium","Backend-Performance","queue,async,audit",3,"GIVEN a user performing any auditable action, WHEN processing completes, THEN audit logs are queued asynchronously without blocking HTTP response."
"Story","18",,"Enterprise Security, RBAC & Multi-Tenant Governance","[ABORTED] Two-Factor Authentication (2FA / TOTP) for Administrators","[ABORTED - Internal System Only] Implement Google Authenticator / TOTP time-based 2FA for Super Admin and Admin accounts. Cancelled as the system is deployed purely within school internal network.","Lowest","Security","security,2fa,auth,aborted",0,"N/A - Task aborted by project owner"
"Story","19",,"Enterprise Security, RBAC & Multi-Tenant Governance","Evidence File Upload Security & Malware / MIME Verification","Implement strict MIME-type validation, size limits (max 5MB), and UUID-obfuscated storage for medical certificates and parent permission documents.","High","Security","security,upload,privacy",3,"GIVEN an evidence upload, WHEN an unpermitted file type (.exe, .html, .svg with scripts) is submitted, THEN it is rejected with a validation error."
"Story","20",,"Enterprise Security, RBAC & Multi-Tenant Governance","30-Minute Inactivity Auto-Timeout & Session Locking (All Users)","Automated session logout after 30 minutes of inactivity for all authenticated users across all portals to safeguard unattended workstations.","Medium","Security","security,session,timeout",2,"GIVEN an active user session, WHEN no user interaction occurs for 30 minutes, THEN the user is automatically logged out with a session expired notification."
"Story","21",,"Omnichannel Parent Notifications & Mobile API","Automated Telegram Bot & SMS Attendance Notifications","Send instant automated Telegram or SMS notifications to parents when their child is recorded Absent or Late by Student Affairs.","High","Notifications","telegram,sms,notifications",5,"GIVEN a student marked Absent upon session submission, WHEN the background job runs, THEN the parent's linked Telegram chat receives a notification within 10 seconds."
"Story","22",,"Omnichannel Parent Notifications & Mobile API","[ABORTED] REST API with Laravel Sanctum for Mobile / Tablet Apps","[ABORTED - Web-Only Architecture] REST API token infrastructure cancelled. Teachers will access the system directly via mobile web browser on smartphones/tablets, eliminating the need for a separate native mobile application.","Lowest","Notifications","api,sanctum,mobile,aborted",0,"N/A - Task aborted by project owner"
"Epic","23","PSIS SIS Data Integration & Sync",,"EPIC: PSIS SIS Data Integration & Synchronization","Student and classroom roster synchronization from PSIS School Management System via offline SQL backup file parsing or local restored database replica without live network dependencies.","High","Integration","integration,psis,sis",8,"Safe idempotent sync of active students, classrooms, and parent contact details without touching live remote database"
"Story","24",,"PSIS SIS Data Integration & Sync","Extend Student & Classroom Schema for PSIS Compatibility","Add student_code, khmer_name, gender, dob, psis_student_id to students table and psis_group_id to classes table with safe indexing for idempotent synchronization.","High","Integration","database,schema,psis",3,"GIVEN existing attendance records, WHEN migration executes, THEN student_code, khmer_name, gender, dob, and psis_id columns are added without data loss or breaking existing relations."
"Story","25",,"PSIS SIS Data Integration & Sync","PSIS SQL Backup Stream Parser & Artisan Command (psis:import)","Implement a memory-efficient stream parser and Artisan command (php artisan psis:import) to import active classes and students from db_psischv SQL backup or local restored MySQL replica.","High","Integration","backend,importer,cli",5,"GIVEN a valid PSIS SQL backup file or local restored MySQL database, WHEN running php artisan psis:import, THEN all active classes and enrolled students for selected academic year are upserted cleanly."
"Story","26",,"PSIS SIS Data Integration & Sync","Admin Web Portal PSIS Backup Upload & Sync UI","Develop an intuitive Admin portal interface to upload new PSIS .sql backups, select academic year (e.g. 2026-2027), trigger synchronization, and view detailed import metrics.","Medium","Integration","admin,ux-ui,sync",3,"GIVEN an administrator with a new PSIS backup file, WHEN uploading via Admin UI and clicking Sync, THEN background job processes the file and displays an import summary."
"Story","27",,"PSIS SIS Data Integration & Sync","Multi-Campus Tenancy & Data Isolation (CHV, KB, KSR, NR3)","Implement multi-campus scoping on classes, students, and staff users across 4 campuses with topbar campus switcher for Super Admins.","High","Multi-Tenant","campus,tenancy,isolation",5,"GIVEN users from different campuses, WHEN accessing students or classes, THEN users only view data for their assigned campus, with Super Admin having cross-campus switching."
"Story","28",,"Enterprise Security, RBAC & Multi-Tenant Governance","Login Route Rate Limiting (Brute-Force Protection)","Add throttle middleware to POST /login to prevent unlimited password-guessing attempts. Apply Laravel built-in throttle:5,1 (5 attempts per minute per IP). No new packages required — uses Illuminate RateLimiter.","High","Security","security,auth,rate-limit",1,"GIVEN a user on the login page, WHEN 5 incorrect login attempts are made within 1 minute from the same IP, THEN the 6th attempt returns HTTP 429 Too Many Requests with a Retry-After header and a user-friendly 'Too many attempts' message."
"Story","29",,"PSIS SIS Data Integration & Sync","Hide Manual Create Student & Create Class Buttons from Admin UI","Remove the '+ Add Student' and '+ Add Class' buttons from the admin index pages since roster data is now sourced from PSIS database sync. Keep backend routes, controllers, and create views intact as a hidden fallback for edge cases (e.g. transfer students not yet in PSIS — admin can navigate to /admin/students/create directly via URL).","Low","UX-UI","ux-ui,psis,cleanup",1,"GIVEN the admin students index page, WHEN rendered, THEN no 'Add Student' button is visible. AND GIVEN the admin classes index page, WHEN rendered, THEN no 'Add Class' button is visible. AND GIVEN an admin who manually navigates to /admin/students/create, THEN the form still works as a fallback."
"Story","30",,"Enterprise Security, RBAC & Multi-Tenant Governance","Remove Hardcoded Jira API Token from Sync Script","scripts/sync_jira.ps1 line 4 contains a live Jira Cloud API token and email in plaintext default parameter values. Refactor the script to read credentials from environment variables ($env:JIRA_API_TOKEN, $env:JIRA_USER_EMAIL) and fail with a clear error if they are not set. Add scripts/ to .gitignore or add a .env.example pattern. The exposed token must be revoked immediately in Atlassian account settings.","Highest","Security","security,credentials,critical",1,"GIVEN the sync_jira.ps1 script, WHEN inspected, THEN zero plaintext tokens or emails appear in the source code. AND GIVEN the script is run without $env:JIRA_API_TOKEN set, THEN it exits with a clear error message instructing the user to set the variable."
"Story","31",,"Enterprise Security, RBAC & Multi-Tenant Governance","Campus-Scope the Audit Log Viewer for Admin Users","AuditLogController::index() currently shows all audit logs system-wide regardless of admin campus. Every other admin listing (students, classes, permissions, reports) already filters by activeCampusId(). Add the same campus scoping by joining through attendance.student.campus_id or user.campus_id so campus-scoped admins only see their own campus activity. Super Admins retain full cross-campus visibility.","Medium","Security","security,campus,audit",2,"GIVEN a campus-scoped admin (e.g. CHV campus), WHEN viewing the audit log, THEN only logs related to CHV students, classes, and users are shown. AND GIVEN a Super Admin, WHEN viewing the audit log, THEN all logs across all campuses are visible."
"Story","32",,"Enterprise Security, RBAC & Multi-Tenant Governance","Increase Minimum Password Length from 6 to 8 Characters","UserController store (line 71) and update (line 114) validate password with min:6. Update to min:8 to align with current security best practices for internal school accounts.","Low","Security","security,auth,password",1,"GIVEN a Super Admin creating or editing a user, WHEN a password shorter than 8 characters is submitted, THEN a validation error is returned requiring at least 8 characters."
"Story","33",,"Performance, Redis Caching & Queue Architecture","Log CacheService Tag-Flush Failures Instead of Silently Swallowing","CacheService::invalidateDashboardStats() catches all Throwable exceptions silently in the cache tag flush block. Add Log::warning() in the catch so genuine failures (not just 'driver doesn't support tags') are surfaced in Laravel logs for debugging.","Low","Backend-Performance","cache,logging,observability",1,"GIVEN a real cache failure during tag flush, WHEN the exception is caught, THEN it is logged via Log::warning() with the exception message instead of being silently ignored."
"Story","34",,"Performance, Redis Caching & Queue Architecture","Future-Proof Report Queries with DB-Level Aggregation & Pagination","ReportController::index() and export() load full session+attendance collections into memory and sort in PHP. Fine at current school scale, but will need refactoring to DB-level aggregation (GROUP BY, SUM), cursor pagination, and chunked CSV streaming as data grows beyond one academic year. Tag as future optimization.","Low","Backend-Performance","performance,reports,future",3,"GIVEN 100,000+ attendance records across multiple semesters, WHEN generating a monthly report, THEN the query uses DB-level aggregation and does not load all records into PHP memory."
"Epic","35","Period Timetabling & Teacher Substitutions",,"EPIC: Period Timetabling & Teacher Substitutions","Support subject-based period timetables, multi-teacher classes, recurring weekly schedule templates, date-specific teacher substitutions, and primary period absence escalation.","High","Scheduling","scheduling,timetables,substitutions",16,"Classes can support multiple periods per day with distinct teachers, substitutions, and scoped absence escalation."
"Story","36",,"Period Timetabling & Teacher Substitutions","Class Schedules, Substitutions & Attendance Session Schema","Create class_schedules (id, class_id, day_of_week, period_number, subject, start_time, end_time, teacher_id, is_primary, is_active) and schedule_substitutions (id, class_schedule_id, session_date, original_teacher_id, substitute_teacher_id, reason, created_by). Alter attendance_sessions table to add class_schedule_id FK and adjust unique constraint to (class_schedule_id, session_date) while preserving legacy homeroom null compatibility.","High","Database","database,schema,scheduling",5,"GIVEN the new migrations, WHEN executed, THEN classes can have multiple attendance sessions on the same date for different periods without database unique key violations."
"Story","37",,"Period Timetabling & Teacher Substitutions","Schedule-Based Teacher Authorization & Primary Period Escalation","Refactor Teacher AttendanceController::open() to resolve authorized teacher: check schedule_substitutions for (class_schedule_id, today) first, falling back to class_schedules.teacher_id. Introduce is_primary boolean flag on class_schedules so only the primary/morning roll-call triggers Student Affairs case escalation (Rule 7), preventing queue bloat for subsequent periods.","High","Backend","authorization,service,scheduling",5,"GIVEN a schedule slot with an assigned teacher and an active substitution for today, WHEN the substitute teacher opens the session, THEN access is granted. AND GIVEN a student absent in period 2 (non-primary), THEN attendance is recorded but does not spawn a new Student Affairs escalation case."
"Story","38",,"Period Timetabling & Teacher Substitutions","Teacher Dashboard Today's Period Schedule View","Refactor teacher dashboard to display today's assigned periods based on day_of_week and active substitutions rather than only homeroom class. Teachers see their schedule chronologically by period, start time, subject, and session status (Not Opened, Open, Submitted). Homeroom K1-K3 teachers seamlessly see 1 block; subject teachers see their 2-4 periods.","High","UX-UI","teacher,dashboard,scheduling",3,"GIVEN a secondary teacher teaching Math in 5A Period 1 and 6A Period 3, WHEN viewing the dashboard on Monday, THEN both periods appear chronologically with quick Open/Mark buttons."
"Story","39",,"Period Timetabling & Teacher Substitutions","Admin Timetable Bulk CSV Import & Timetable Management","Implement an admin tool and artisan command (php artisan schedule:import) to bulk import class weekly timetables from CSV (class_name, day_of_week, period_number, subject, start_time, end_time, teacher_email, is_primary) to eliminate manual entry across 20-30 classes.","Medium","Integration","admin,csv,importer,scheduling",3,"GIVEN a school weekly timetable CSV with 200 period slots across 25 classes, WHEN imported, THEN all schedules are validated, mapped to classes and teachers, and populated cleanly."
"Story","40",,"Period Timetabling & Teacher Substitutions","Admin Date-Specific Quick Teacher Substitution Action","Build an admin action/modal to quickly substitute a teacher for a specific schedule slot on a specific date (e.g. Teacher Chem is sick on Friday -> assign Teacher Dara for Period 2 Math). Automatically adjusts dashboard and permissions without altering the master timetable.","Medium","Admin-UI","admin,substitutions,ux",2,"GIVEN an admin selecting a class schedule slot for a date, WHEN assigning a substitute with a reason, THEN the substitution record is saved, audit-logged, and the substitute teacher is authorized to open and mark that session."
"Epic","41","Quality Assurance, Automated Unit & End-to-End Testing",,"EPIC: Quality Assurance, Automated Unit & End-to-End Testing","Comprehensive testing infrastructure covering isolated unit tests for core domain services, automated headless browser QA testing for UI/JavaScript workflows, and multi-role smoke regression testing.","High","Testing","testing,qa,unit-tests,e2e",11,"High test coverage across Unit, Integration (Feature), and QA Browser layers with zero manual regression overhead."
"Story","42",,"Quality Assurance, Automated Unit & End-to-End Testing","Core Domain Services & Logic Unit Test Suite (tests/Unit)","Build fast, isolated unit tests under tests/Unit without database or HTTP booting to test pure business logic: AttendanceService status transitions, PsisSyncService SQL stream line parser and record extraction, Permission date math and category constraints, and User/Student model helper methods.","High","Testing","unit-tests,backend,testing",3,"GIVEN core service methods in AttendanceService and PsisSyncService, WHEN unit tests execute via phpunit --testsuite=Unit, THEN all edge cases and parsing rules pass in under 500ms with zero DB dependencies."
"Story","43",,"Quality Assurance, Automated Unit & End-to-End Testing","Automated Headless Browser QA & E2E Testing (Laravel Dusk)","Setup automated browser QA testing (Laravel Dusk) to verify client-side JavaScript interactions: Teacher 1-click 'Mark All Present', interactive submit modal with student count validation, 30-minute idle inactivity auto-logout countdown, and Khmer/English locale switching.","High","Testing","qa,e2e,dusk,browser-testing",5,"GIVEN a headless browser session, WHEN a teacher marks roll-call, clicks 'Submit', and interacts with the confirmation modal, THEN client-side JS executes cleanly and asserts submission locks without browser errors."
"Story","44",,"Quality Assurance, Automated Unit & End-to-End Testing","Full-Cycle Multi-Role QA Smoke & Regression Test Suite","Create an automated QA smoke test suite (php artisan test:smoke or dedicated Feature suite) executing an entire school day lifecycle across 5 roles: Super Admin creates user -> Admin syncs PSIS classes -> Teacher marks attendance -> Student Affairs resolves late arrival -> Admin reviews absence report -> Parent views record.","Medium","Testing","qa,smoke-tests,integration",3,"GIVEN an empty database, WHEN running the QA smoke test command, THEN the full multi-role school attendance lifecycle completes end-to-end with green assertions across all role boundaries."

